threshold,sinalizados_%,precisao_risco,recall_risco,f1_risco
0.3,1.178828970594272,0.6802089378990134,0.020060935948786416,0.038972483165682935
0.35,3.814260888603057,0.6818834080717489,0.06506966553695526,0.11880244386455616
0.4,7.551210300899003,0.6620005436259854,0.1250641881483003,0.21038310370146418
0.45,15.191020921990667,0.6157587767694283,0.23402143028311254,0.33914828435172495
0.5,22.89069662429359,0.5870880968392737,0.33621752079696005,0.42757089448680063
0.55,38.91846033852848,0.5325047465016525,0.5184861867104857,0.5254019738782023
0.6,54.81075792613675,0.4996036823217351,0.6850929444387388,0.577827183842292
0.65,64.75793982019951,0.4800452185121208,0.777737838485502,0.593662521599101
0.7,72.25133755695735,0.46432426802015075,0.8393156687549211,0.5978869203662834
